,Alkollü içecekler ve tütün,Ev eşyası,Eğitim,Eğlence ve kültür,Giyim ve ayakkabı,Gıda ve alkolsüz içecekler,Haberleşme,"Konut,Su,Elektrik,Gaz ve Diğer Yakıtlar",Lokanta ve oteller,Sağlık,Ulaştırma,Çeşitli mal ve hizmetler,Web TÜFE
2026-01-01,30.417536345493478,25.668906952043123,83.45713936781837,16.888826808694503,24.97315823685429,30.53223935373257,15.140353187979837,47.60269620314557,35.80028032697088,9.068291645552605,24.392011872219364,34.545562373042,32.60197932765553
