,Mevsimlik Ürünler Hariç TÜFE,TÜFE B,TÜFE C,TÜFE D,TÜFE E,TÜFE F,Mallar,Enerji,Gıda ve alkolsüz içecekler,Taze meyve ve sebze,İşlenmemiş gıda,Diğer işlenmemiş gıda,İşlenmiş gıda,Ekmek ve diğer tahıllar,Diğer işlenmiş gıda,Enerji ve gıda dışı mallar,Temel mallar,Giyim ve ayakkabı,Dayanıklı mallar (Altın hariç),Diğer temel mallar,"Alkollü içecekler, tütün ve altın",Hizmet,Kira,Lokanta ve oteller,Ulaştırma Hizmetleri,Haberleşme Hizmetleri,Diğer Hizmetler
2026-01-01,32.8697418964271,33.89933654870709,33.86994015607564,33.2823283519858,32.36914507572878,32.71222661652013,27.494012948241174,29.442723231154254,30.53223935373255,12.033803826658506,26.68914689813461,37.5168351089055,33.922927330555794,37.207471702741316,32.284372893853664,24.49080907866017,22.768205768066075,25.1040309829361,20.501965119844755,25.06582056901324,36.216235782818686,47.20938576264228,61.35085952173688,35.80373156988398,31.493094234256578,19.30587948930569,57.85651071105534
